name,img_name,r,g,b
Pants,mukhamadieva.b_8.jpg,43,45,52
Pants,mukhamadieva.b_8.jpg,23,25,31
Pants,audeoboi_zeke_13.jpg,26,19,11
Pants,fitogarzon_10.jpg,13,12,11
Shorts,fitogarzon_10.jpg,184,203,226
Dress,fit_harvest_12.jpg,194,193,183
Skirt,fit_harvest_12.jpg,191,193,184
Shorts,mike_du2_12.jpg,16,16,24
Pants,marcosestlar_7.jpg,17,16,23
Shorts,maja.placzkowska_3.jpg,47,47,70
Shorts,maja.placzkowska_3.jpg,190,200,227
Hat,maja.placzkowska_3.jpg,48,48,56
Pants,zeesh__an_khan_10.jpg,32,22,24
Shorts,andrey_martynov_krsk_9.jpg,163,154,157
Miniskirt,fit_harvest_8.jpg,241,215,223
Dress,fit_harvest_8.jpg,242,215,223
Shorts,saydalievkhojibek_9.jpg,230,234,234
Hat,saydalievkhojibek_9.jpg,59,54,50
Dress,rachelmartinclt_4.jpg,219,190,131
Dress,rachelmartinclt_4.jpg,167,155,122
Dress,rachelmartinclt_4.jpg,9,21,15
Pants,brunohgibb_11.jpg,36,51,81
Hat,avicz_official_3.jpg,33,62,63
Pants,_x__rihan__00_x___14.jpg,230,228,231
Shorts,bowiestockdale_2.jpg,166,155,128
Shorts,bowiestockdale_2.jpg,200,206,195
Pants,tut__is__mzi_1.jpg,21,87,132
Pants,tut__is__mzi_1.jpg,12,52,79
Pants,splatt.nyny_4.jpg,9,9,8
Pants,___justkey_1.jpg,33,25,17
Pants,___justkey_1.jpg,21,13,11
Dress,at13.th11_4.jpg,20,42,96
Miniskirt,at13.th11_4.jpg,19,42,95
Shorts,avicz_official_13.jpg,15,15,14
Pants,dr.salil.bharadwaj_4.jpg,165,152,123
Swimwear,dr.salil.bharadwaj_4.jpg,104,67,55
Hat,gods.fate_9.jpg,246,250,251
Hat,abbas_alshawaf_6.jpg,84,79,72
Dress,meitreeeo_o_1.jpg,231,224,218
Pants,gods.fate_8.jpg,17,21,24
Pants,gods.fate_8.jpg,12,17,21
Pants,gods.fate_8.jpg,43,51,50
Pants,annu_editor_07_7.jpg,1,3,192
Pants,maja.placzkowska_12.jpg,193,197,208
Hat,maja.placzkowska_12.jpg,200,188,183
Dress,at13.th11_5.jpg,121,121,119
Pants,splatt.nyny_5.jpg,226,230,228
Jeans,brunohgibb_10.jpg,52,128,191
Pants,_shermanstyle___2.jpg,19,24,42
Hat,_shermanstyle___2.jpg,19,24,42
Pants,_x__rihan__00_x___15.jpg,157,160,159
Shorts,saydalievkhojibek_8.jpg,126,156,137
Skirt,fit_harvest_9.jpg,234,200,205
Dress,fit_harvest_9.jpg,226,194,198
Hat,sari.j.sa_8.jpg,215,190,158
Pants,zeesh__an_khan_11.jpg,18,80,157
Shorts,andrzjen2_7.jpg,217,188,207
Dress,cube_uw_8.jpg,219,192,127
Pants,onurdogan57.official_1.jpg,161,159,139
Hat,ale_espinoza_suarez_15.jpg,221,185,169
Swimwear,fit_harvest_13.jpg,126,70,62
Shorts,fit_harvest_13.jpg,122,67,61
Shorts,fitogarzon_11.jpg,3,9,33
Shorts,ale_espinoza_suarez_9.jpg,154,143,141
Shorts,jasminelatter.x_4.jpg,111,84,71
Pants,fitogarzon_13.jpg,183,203,241
Pants,fitogarzon_13.jpg,5,17,42
Jeans,fitogarzon_13.jpg,73,119,208
Pants,jaazielcha_2.jpg,14,16,23
Dress,fit_harvest_11.jpg,248,230,229
Pants,marcosestlar_4.jpg,6,8,20
Hat,daoduybi1_11.jpg,27,45,79
Hat,daoduybi1_11.jpg,28,45,79
Swimwear,andrzjen2_5.jpg,101,68,56
Pants,zeesh__an_khan_13.jpg,247,246,240
Jeans,carlos_deoro_9.jpg,31,50,66
Shorts,rachelmartinclt_7.jpg,66,55,50
Dress,rachelmartinclt_7.jpg,247,231,195
Hat,rachelmartinclt_7.jpg,89,161,242
Hat,rachelmartinclt_7.jpg,22,9,9
Pants,brunohgibb_12.jpg,25,24,27
Pants,___justkey_2.jpg,8,2,3
Pants,rishabhkaushik.r.k_10.jpg,29,21,17
Pants,rishabhkaushik.r.k_10.jpg,24,20,15
Pants,rishabhkaushik.r.k_10.jpg,29,22,24
Pants,rishabhkaushik.r.k_10.jpg,20,12,9
Pants,rishabhkaushik.r.k_10.jpg,30,23,16
Hat,sihlemafanya4_3.jpg,46,14,25
Hat,sihlemafanya4_3.jpg,36,8,24
Pants,sihlemafanya4_3.jpg,236,239,240
Shorts,sihlemafanya4_3.jpg,253,253,253
Hat,maja.placzkowska_10.jpg,138,155,165
Pants,annu_editor_07_5.jpg,4,88,141
Hat,annu_editor_07_5.jpg,81,79,80
Pants,official.leospenk_4.jpg,90,85,86
Swimwear,dr.salil.bharadwaj_7.jpg,32,29,30
Swimwear,dr.salil.bharadwaj_7.jpg,52,48,49
Pants,crystalfurnas_salon_9.jpg,25,22,16
Pants,avicz_official_11.jpg,31,12,15
Pants,at13.th11_6.jpg,82,88,104
Hat,at13.th11_6.jpg,135,119,113
Pants,sihlemafanya4_2.jpg,9,16,37
Pants,rishabhkaushik.r.k_11.jpg,26,22,17
Shirt,rishabhkaushik.r.k_11.jpg,175,43,45
Coat,rishabhkaushik.r.k_11.jpg,59,46,40
Hat,tut__is__mzi_3.jpg,179,162,159
Hat,avicz_official_1.jpg,30,17,6
Pants,_shermanstyle___1.jpg,62,47,87
Pants,_shermanstyle___1.jpg,232,222,193
Shorts,rachelmartinclt_6.jpg,8,57,107
Pants,rachelmartinclt_6.jpg,6,21,47
Pants,rachelmartinclt_6.jpg,8,13,39
Pants,carlos_deoro_8.jpg,12,14,23
Swimwear,dr.salil.bharadwaj_14.jpg,20,19,21
Swimwear,dr.salil.bharadwaj_14.jpg,54,50,49
Jeans,zeesh__an_khan_12.jpg,16,51,133
Hat,preciouszainmirza_13.jpg,30,17,54
Pants,preciouszainmirza_13.jpg,229,234,240
Dress,maja.placzkowska_1.jpg,186,151,140
Shorts,fitogarzon_3.jpg,159,193,224
Jeans,onurdogan57.official_2.jpg,14,13,23
Jeans,onurdogan57.official_2.jpg,15,15,24
Hat,marcosestlar_5.jpg,24,25,30
Hat,marcosestlar_5.jpg,45,50,72
Hat,marcosestlar_5.jpg,25,24,32
Dress,fit_harvest_10.jpg,210,195,166
Pants,sari.j.sa_10.jpg,11,23,30
Hat,jaazielcha_3.jpg,27,21,18
Shorts,jaazielcha_3.jpg,208,191,164
Shorts,brunohgibb_9.jpg,150,150,146
Shorts,sharifu_outfit_collection_9.jpg,21,108,55
Pants,jasminelatter.x_1.jpg,76,136,84
Pants,bridiejrdn_11.jpg,164,160,150
Hat,bridiejrdn_11.jpg,24,24,15
Pants,fitogarzon_7.jpg,6,5,6
Hat,maja.placzkowska_5.jpg,239,226,224
Pants,lisioelceu_3.jpg,47,45,47
Pants,lisioelceu_3.jpg,48,46,54
Pants,lisioelceu_3.jpg,47,46,55
Pants,marcosestlar_1.jpg,51,46,47
Swimwear,dr.salil.bharadwaj_10.jpg,240,223,201
Swimwear,dr.salil.bharadwaj_10.jpg,15,14,19
Dress,rachelmartinclt_2.jpg,177,144,174
Pants,rachelmartinclt_2.jpg,5,18,47
Pants,_shermanstyle___5.jpg,107,69,23
Hat,_x__rihan__00_x___12.jpg,42,14,50
Jeans,tanjavandenberge_11.jpg,67,81,103
Dress,ayselka86_14.jpg,29,19,21
Pants,splatt.nyny_2.jpg,80,84,87
Pants,bowiestockdale_4.jpg,27,24,16
Miniskirt,maja.placzkowska_15.jpg,13,12,23
Pants,cube_uw_13.jpg,12,11,14
Pants,cube_uw_13.jpg,18,11,11
Hat,outletbrasil_oficial_11.jpg,24,19,18
Skirt,outletbrasil_oficial_11.jpg,237,238,243
Hat,sihlemafanya4_6.jpg,48,41,105
Pants,meitreeeo_o_6.jpg,99,114,143
Pants,dr.salil.bharadwaj_2.jpg,24,22,22
Pants,tanjavandenberge_8.jpg,76,30,30
Skirt,tanjavandenberge_8.jpg,103,77,84
Dress,annu_editor_07_1.jpg,240,9,11
Swimwear,dr.salil.bharadwaj_3.jpg,221,232,242
Shorts,dr.salil.bharadwaj_3.jpg,12,17,24
Hat,sihlemafanya4_7.jpg,248,244,236
Dress,at13.th11_3.jpg,17,16,17
Miniskirt,maja.placzkowska_14.jpg,26,22,28
Shorts,tut__is__mzi_6.jpg,152,97,56
Pants,tut__is__mzi_6.jpg,43,45,42
Hat,bowiestockdale_5.jpg,249,246,237
Pants,splatt.nyny_3.jpg,160,159,155
Hat,splatt.nyny_3.jpg,17,17,18
Dress,ayselka86_15.jpg,23,16,25
Pants,ayselka86_15.jpg,7,17,38
Pants,_shermanstyle___4.jpg,174,191,198
Hat,_shermanstyle___4.jpg,35,54,87
Pants,_x__rihan__00_x___13.jpg,11,11,14
Pants,martindedic27_2.jpg,24,30,47
Dress,encarni_nutricion_11.jpg,202,199,206
Hat,onurdogan57.official_7.jpg,194,194,194
Hat,maja.placzkowska_4.jpg,5,5,16
Pants,fitogarzon_6.jpg,22,72,197
Miniskirt,bridiejrdn_10.jpg,179,147,130
Dress,fit_harvest_15.jpg,206,192,189
Pants,audeoboi_zeke_14.jpg,47,47,70
Hat,psychbug_237_4.jpg,93,52,37
Jeans,_naomitakahashi__9.jpg,27,26,25
Hat,diegosalva20_7.jpg,110,171,185
Hat,jasminelatter.x_2.jpg,210,187,123
Pants,fitogarzon_15.jpg,71,126,176
Shorts,callme__big_poppa_9.jpg,57,50,43
Jeans,fitogarzon_4.jpg,32,85,143
Hat,maja.placzkowska_6.jpg,136,118,111
Pants,maja.placzkowska_6.jpg,97,86,84
Jeans,marcosestlar_2.jpg,20,27,36
Jeans,marcosestlar_2.jpg,84,95,102
Pants,nyannaing1367_4.jpg,148,156,150
Swimwear,dr.salil.bharadwaj_13.jpg,92,89,96
Hat,zeesh__an_khan_15.jpg,66,53,56
Jeans,zeesh__an_khan_15.jpg,78,120,168
Pants,zeesh__an_khan_15.jpg,80,121,168
Jeans,selzep_14.jpg,128,161,193
Pants,selzep_14.jpg,128,160,194
Hat,_x__rihan__00_x___11.jpg,222,201,177
Hat,_shermanstyle___6.jpg,51,81,128
Hat,_shermanstyle___6.jpg,139,159,178
Pants,brunohgibb_14.jpg,22,22,22
Pants,realteddysavage1_5.jpg,24,44,74
Shorts,splatt.nyny_1.jpg,208,195,172
Hat,outletbrasil_oficial_12.jpg,91,131,195
Shorts,sihlemafanya4_5.jpg,8,8,20
Pants,sihlemafanya4_5.jpg,8,8,19
Hat,annu_editor_07_3.jpg,146,113,95
Shirt,annu_editor_07_2.jpg,168,157,159
Hat,tut__is__mzi_5.jpg,107,78,76
Hat,bowiestockdale_6.jpg,177,171,159
Pants,tanjavandenberge_13.jpg,45,45,48
Hat,_x__rihan__00_x___10.jpg,65,38,46
Shorts,avicz_official_7.jpg,39,41,38
Hat,_shermanstyle___7.jpg,36,163,250
Shorts,_shermanstyle___7.jpg,211,228,248
Hat,selzep_15.jpg,238,238,233
Dress,andrzjen2_2.jpg,144,155,164
Skirt,andrzjen2_2.jpg,221,240,247
Jeans,marcosximarcos_13.jpg,79,84,86
Pants,zeesh__an_khan_14.jpg,2,16,70
Pants,verona_cermakova_9.jpg,36,84,137
Hat,maja.placzkowska_7.jpg,94,84,86
Jeans,fitogarzon_5.jpg,6,22,51
Hat,onurdogan57.official_4.jpg,107,115,124
Hat,callme__big_poppa_8.jpg,122,155,189
Skirt,callme__big_poppa_8.jpg,146,144,155
Pants,jasminelatter.x_3.jpg,47,47,45
Dress,jaazielcha_5.jpg,71,37,23
Pants,13sangeet__0307_15.jpg,12,11,15
Hat,13sangeet__0307_15.jpg,244,10,168
Dress,realteddysavage1_10.jpg,89,79,80
Pants,official.leospenk_11.jpg,15,18,39
Hat,tony_golden95_7.jpg,80,90,120
Hat,pa.i.am.a.portrait.artist_3.jpg,233,234,237
Miniskirt,pa.i.am.a.portrait.artist_3.jpg,248,139,45
Hat,tatiiapareciida_3.jpg,199,206,203
Shorts,tatiiapareciida_3.jpg,18,28,23
Pants,zeesh__an_khan_9.jpg,120,115,135
Pants,thiagokeyz_6.jpg,8,7,6
Pants,daoduybi1_6.jpg,143,118,85
Pants,daoduybi1_6.jpg,202,182,152
Pants,jaky_mix_haiti_1.jpg,84,118,177
Hat,chaconhuari_14.jpg,240,215,186
Shorts,dur__gai_4.jpg,23,29,44
Jacket,dur__gai_4.jpg,23,24,41
Pants,mukhamadieva.b_13.jpg,19,21,35
Dress,mukhamadieva.b_13.jpg,16,20,38
Jeans,tomer_shlam_4.jpg,78,83,79
Pants,brandonpabel_5.jpg,114,122,121
Hat,okunlola322_10.jpg,25,22,38
Dress,andyfranca85_4.jpg,56,45,29
Shorts,lisaormsby_14.jpg,12,10,12
Pants,akash_rajput.302_3.jpg,164,161,164
Pants,akash_rajput.302_3.jpg,25,20,17
Pants,akash_rajput.302_3.jpg,203,198,196
Pants,akash_rajput.302_3.jpg,17,19,23
Hat,linnie.01_4.jpg,193,203,212
Hat,gods.fate_10.jpg,50,56,57
Hat,gods.fate_10.jpg,25,25,24
Pants,gods.fate_10.jpg,24,28,32
Pants,gods.fate_10.jpg,9,97,127
Shorts,jackdgidley_12.jpg,28,23,23
Shorts,jackdgidley_12.jpg,19,21,22
Pants,marika.koziol_7.jpg,127,159,197
Hat,carolina__curiel_1.jpg,55,57,67
Pants,altovitti_2.jpg,128,5,13
Pants,favoritecleverthings_14.jpg,30,19,23
Pants,marika.koziol_6.jpg,123,126,135
Hat,jackdgidley_13.jpg,75,57,83
Hat,gods.fate_11.jpg,70,78,95
Hat,gods.fate_11.jpg,70,78,96
Dress,leondaprofessional_14.jpg,22,21,54
Pants,akash_rajput.302_2.jpg,86,123,185
Dress,linnie.01_5.jpg,25,21,23
Pants,a.kadir_sensoy_8.jpg,16,17,19
Pants,a.kadir_sensoy_8.jpg,23,23,24
Pants,a.kadir_sensoy_8.jpg,27,21,23
Pants,lostfrequencies.__3.jpg,29,29,24
Pants,official_aziz_34_4.jpg,13,24,39
Pants,brandonpabel_4.jpg,3,5,4
Pants,vietnam_remy_hair_1.jpg,51,54,78
Hat,onurdogan57.official_10.jpg,28,28,28
Hat,onurdogan57.official_10.jpg,26,26,26
Hat,onurdogan57.official_10.jpg,21,36,17
Dress,mukhamadieva.b_12.jpg,160,150,129
Pants,mukhamadieva.b_12.jpg,48,25,31
Skirt,gabymonasteriosm_10.jpg,11,14,10
Pants,tut__is__mzi_11.jpg,3,3,10
Pants,matthewtk_e_2.jpg,26,16,12
Pants,zeesh__an_khan_8.jpg,195,190,189
Dress,tatiiapareciida_2.jpg,42,45,48
Hat,pa.i.am.a.portrait.artist_2.jpg,231,228,225
Hat,official.leospenk_10.jpg,27,24,22
Dress,viviane_cochinski_1.jpg,194,10,50
Hat,rodrigoplon_4.jpg,62,51,46
Pants,breezylaboy_2.jpg,30,29,28
Jeans,the_not_your_foe_9.jpg,230,229,215
Hat,the_not_your_foe_9.jpg,20,26,47
Shorts,andrezabdelaziz_11.jpg,9,9,9
Shorts,viviane_cochinski_3.jpg,189,152,142
Shorts,tony_golden95_4.jpg,75,43,57
Shorts,tony_golden95_4.jpg,32,10,74
Pants,makshayjariwala_8.jpg,43,56,73
Shorts,lisioelceu_12.jpg,98,78,83
Pants,dur__gai_7.jpg,27,24,33
Pants,dur__gai_7.jpg,22,21,31
Jacket,agniva2001_9.jpg,169,146,131
Pants,jaky_mix_haiti_2.jpg,205,195,193
Hat,tut__is__mzi_13.jpg,16,16,16
Pants,mukhamadieva.b_10.jpg,18,58,85
Pants,mukhamadieva.b_10.jpg,20,21,36
Coat,mukhamadieva.b_10.jpg,71,41,52
Jacket,mukhamadieva.b_10.jpg,70,41,52
Shorts,gabymonasteriosm_1.jpg,62,47,25
Hat,dur__gai_15.jpg,29,18,40
Pants,tonyempresarial_7.jpg,65,94,111
Pants,baruc.alejandro_1.jpg,153,157,160
Dress,a.kadir_sensoy_11.jpg,139,158,177
Pants,lostfrequencies.__1.jpg,71,74,81
Swimwear,payet5213_4.jpg,213,192,161
Pants,okunlola322_13.jpg,13,16,23
Hat,okunlola322_13.jpg,28,40,58
Pants,favoritecleverthings_5.jpg,101,125,149
Hat,marianoalotaya_4.jpg,26,20,27
Shorts,andyfranca85_7.jpg,40,23,28
Pants,altovitti_1.jpg,14,13,20
Pants,abbas_alshawaf_14.jpg,29,28,30
Hat,saito_ren_0424_1.jpg,19,15,22
Pants,saito_ren_0424_1.jpg,52,48,55
Jeans,jackdgidley_10.jpg,37,96,116
Pants,jackdgidley_10.jpg,144,161,178
Hat,jackdgidley_10.jpg,17,56,81
Hat,carolina__curiel_3.jpg,138,116,92
Shorts,gods.fate_12.jpg,28,24,31
Hat,gods.fate_12.jpg,110,123,161
Hat,gods.fate_12.jpg,22,8,8
Shorts,gods.fate_12.jpg,15,16,36
Shorts,gods.fate_12.jpg,44,12,17
Shorts,gods.fate_12.jpg,9,53,76
Shorts,marianoalotaya_5.jpg,204,81,14
Skirt,favoritecleverthings_4.jpg,150,167,182
Shorts,angelito.pila_15.jpg,138,98,46
Shorts,black.man.working_2.jpg,28,25,30
Jeans,audeoboi_zeke_9.jpg,55,51,50
Pants,tonyempresarial_6.jpg,25,24,27
Pants,onurdogan57.official_13.jpg,20,20,20
Pants,onurdogan57.official_13.jpg,19,19,19
Pants,onurdogan57.official_13.jpg,14,14,14
Pants,onurdogan57.official_13.jpg,20,20,20
Pants,anaisesell_13.jpg,150,158,147
Dress,anaisesell_13.jpg,185,198,205
Dress,anaisesell_13.jpg,193,200,203
Dress,anaisesell_13.jpg,109,121,124
Pants,dur__gai_14.jpg,104,68,87
Pants,dur__gai_6.jpg,15,15,46
Pants,agniva2001_8.jpg,50,49,70
Shorts,matthewtk_e_1.jpg,64,53,56
Hat,pa.i.am.a.portrait.artist_1.jpg,233,239,247
Skirt,pa.i.am.a.portrait.artist_1.jpg,213,133,50
Pants,pa.i.am.a.portrait.artist_1.jpg,147,160,181
Shirt,the_not_your_foe_8.jpg,219,134,153
Pants,breezylaboy_3.jpg,160,154,161
Pants,pa.i.am.a.portrait.artist_5.jpg,20,21,29
Pants,tony_golden95_1.jpg,63,82,110
Pants,viviane_cochinski_6.jpg,11,10,8
Dress,viviane_cochinski_6.jpg,15,13,11
Pants,rodrigoplon_3.jpg,47,47,53
Pants,13sangeet__0307_13.jpg,15,8,13
Pants,fashioncampstore2021_1.jpg,11,26,26
Pants,dur__gai_2.jpg,8,14,34
Pants,jaky_mix_haiti_7.jpg,184,196,223
Pants,dur__gai_10.jpg,14,19,72
Pants,dur__gai_10.jpg,19,28,78
Hat,lostfrequencies.__4.jpg,216,216,216
Pants,annatran2801_9.jpg,203,194,131
Pants,annatran2801_9.jpg,28,61,83
Dress,annatran2801_9.jpg,212,196,136
Miniskirt,annatran2801_9.jpg,234,226,167
Hat,rita1.965_11.jpg,151,117,102
Pants,brandonpabel_3.jpg,28,27,23
Dress,vietnam_remy_hair_6.jpg,168,205,230
Hat,13sangeet__0307_9.jpg,40,56,77
Pants,andrey_martynov_krsk_11.jpg,86,86,51
Pants,andrey_martynov_krsk_11.jpg,10,12,22
Pants,andrey_martynov_krsk_11.jpg,17,20,38
Pants,andrey_martynov_krsk_11.jpg,72,85,102
Pants,tiagodyonesdyones_5.jpg,155,190,219
Jeans,tiagodyonesdyones_5.jpg,157,191,219
Shirt,tiagodyonesdyones_5.jpg,171,183,204
Pants,abbas_alshawaf_10.jpg,202,196,190
Shorts,godfatherstripes_5.jpg,232,229,240
Hat,godfatherstripes_5.jpg,16,6,6
Pants,jackdgidley_14.jpg,23,35,27
Pants,jackdgidley_14.jpg,8,16,13
Pants,jackdgidley_14.jpg,13,29,30
Hat,jackdgidley_15.jpg,76,39,32
Hat,jackdgidley_15.jpg,243,249,251
Hat,carolina__curiel_6.jpg,65,49,21
Jeans,abbas_alshawaf_11.jpg,62,91,113
Pants,favoritecleverthings_12.jpg,45,51,54
Pants,favoritecleverthings_12.jpg,46,52,55
Pants,tiagodyonesdyones_4.jpg,129,116,49
Hat,tiagodyonesdyones_4.jpg,169,208,237
Hat,13sangeet__0307_8.jpg,27,28,25
Swimwear,andrey_martynov_krsk_10.jpg,115,70,54
Pants,a.kadir_sensoy_15.jpg,133,114,84
Pants,a.kadir_sensoy_15.jpg,60,51,47
Pants,a.kadir_sensoy_15.jpg,59,44,40
Pants,brandonpabel_2.jpg,234,223,189
Dress,annatran2801_8.jpg,22,23,21
Shorts,yulisaalmonte__8.jpg,51,81,129
Pants,yulisaalmonte__8.jpg,16,11,22
Pants,tonyempresarial_3.jpg,25,8,5
Pants,tonyempresarial_3.jpg,21,5,4
Hat,tonyempresarial_3.jpg,148,127,101
Shorts,dur__gai_11.jpg,34,44,68
Pants,meitreeeo_o_11.jpg,57,44,47
Pants,jaky_mix_haiti_6.jpg,252,2,107
Pants,jaky_mix_haiti_6.jpg,254,1,133
Pants,jaky_mix_haiti_6.jpg,252,2,105
Shorts,chaconhuari_13.jpg,26,18,7
Jeans,jessijphoto_8.jpg,14,15,21
Dress,romibaanco_7.jpg,205,69,24
Hat,aboferas8532_1.jpg,222,230,237
Pants,daoduybi1_1.jpg,49,51,53
Pants,daoduybi1_1.jpg,238,228,210
Pants,breezylaboy_6.jpg,29,27,28
Dress,viviane_cochinski_7.jpg,213,193,154
Shorts,viviane_cochinski_7.jpg,248,232,192
Pants,viviane_cochinski_7.jpg,213,191,134
Pants,pa.i.am.a.portrait.artist_4.jpg,15,25,42
Pants,pa.i.am.a.portrait.artist_4.jpg,6,10,20
Pants,pa.i.am.a.portrait.artist_4.jpg,4,4,9
Pants,pa.i.am.a.portrait.artist_4.jpg,133,153,184
Jeans,tony_golden95_2.jpg,18,21,39
Pants,pa.i.am.a.portrait.artist_6.jpg,20,25,41
Pants,breezylaboy_4.jpg,228,238,242
Hat,13sangeet__0307_10.jpg,225,4,34
Hat,daoduybi1_3.jpg,12,12,13
Pants,sheikh_smile_8.jpg,25,26,30
Pants,tatiiapareciida_6.jpg,66,96,112
Pants,romibaanco_5.jpg,234,217,191
Hat,jaky_mix_haiti_4.jpg,25,51,215
Pants,rozayimperium_9.jpg,151,151,158
Hat,rozayimperium_9.jpg,203,201,205
Dress,anaisesell_14.jpg,222,241,245
Pants,anaisesell_14.jpg,198,232,252
Dress,anaisesell_14.jpg,213,235,249
Pants,selzep_5.jpg,15,17,36
Pants,selzep_5.jpg,24,20,36
Pants,selzep_5.jpg,29,26,42
Pants,onurdogan57.official_14.jpg,161,161,161
Pants,onurdogan57.official_14.jpg,158,158,158
Shorts,andrezabdelaziz_9.jpg,220,132,159
Dress,karlinxo_9.jpg,186,36,21
Dress,karlinxo_9.jpg,191,195,194
Dress,karlinxo_9.jpg,22,33,33
Pants,kavicka_u_janicka_10.jpg,36,58,81
Hat,linnie.01_1.jpg,224,184,166
Dress,linnie.01_1.jpg,247,98,89
Pants,akash_rajput.302_6.jpg,150,151,150
Pants,vanessaaveree_8.jpg,22,22,26
Pants,vanessaaveree_8.jpg,29,29,33
Hat,amagrapher01_9.jpg,242,240,240
Pants,gods.fate_15.jpg,48,50,74
Jeans,tiagodyonesdyones_6.jpg,159,191,220
Shorts,lisaormsby_11.jpg,147,160,160
Hat,andrey_martynov_krsk_12.jpg,85,76,73
Jeans,andrey_martynov_krsk_12.jpg,200,199,195
Pants,abbas_alshawaf_13.jpg,87,127,192
Pants,marika.koziol_2.jpg,13,2,12
Pants,marika.koziol_3.jpg,151,163,168
Pants,_naomitakahashi__11.jpg,26,26,25
Hat,andrey_martynov_krsk_13.jpg,56,51,44
Pants,amagrapher01_8.jpg,4,5,9
Pants,vanessaaveree_9.jpg,23,20,29
Pants,vanessaaveree_9.jpg,17,15,24
Swimwear,brandonpabel_1.jpg,23,22,20
Hat,brandonpabel_1.jpg,187,204,229
Swimwear,brandonpabel_1.jpg,21,23,21
Shorts,payet5213_3.jpg,65,57,50
Shorts,okunlola322_14.jpg,18,21,56
Pants,okunlola322_14.jpg,13,20,18
Shorts,andrezabdelaziz_8.jpg,46,55,61
Pants,lisioelceu_15.jpg,48,40,79
Shorts,lisioelceu_15.jpg,59,49,88
Hat,rozayimperium_8.jpg,40,42,46
Pants,rozayimperium_8.jpg,26,26,35
Hat,tut__is__mzi_14.jpg,110,119,154
Pants,jaky_mix_haiti_5.jpg,211,225,251
Hat,jaky_mix_haiti_5.jpg,3,32,128
Dress,bella.roseuk_6.jpg,21,18,14
Skirt,romibaanco_4.jpg,20,16,15
Shorts,romibaanco_4.jpg,19,15,13
Shorts,tatiiapareciida_7.jpg,28,22,12
Jeans,sheikh_smile_9.jpg,116,123,134
Jeans,sheikh_smile_9.jpg,8,14,20
Shorts,sheikh_smile_9.jpg,43,56,74
Pants,nika_pipus_2.jpg,112,113,118
Miniskirt,nika_pipus_2.jpg,154,145,152
Jeans,nika_pipus_2.jpg,84,91,99
Jeans,kavicka_u_janicka_8.jpg,11,18,23
Hat,kavicka_u_janicka_8.jpg,44,48,48
Shirt,13sangeet__0307_11.jpg,146,108,120
Pants,breezylaboy_5.jpg,189,199,229
Hat,pa.i.am.a.portrait.artist_7.jpg,186,153,140
Shorts,tony_golden95_3.jpg,16,12,46
Hat,tony_golden95_3.jpg,47,52,99
Pants,tony_golden95_3.jpg,109,77,62
Hat,okunlola322_6.jpg,49,47,50
Pants,tony_golden95_11.jpg,121,120,115
Swimwear,andrzjen2_10.jpg,167,54,80
Dress,annatran2801_14.jpg,204,195,190
Hat,annatran2801_14.jpg,191,183,185
Hat,kr.binhnguyen_10.jpg,188,232,252
Dress,jessijphoto_14.jpg,131,117,98
Pants,agniva2001_3.jpg,180,203,222
Hat,rayyhim_4.jpg,64,52,36
Shorts,rayyhim_4.jpg,4,5,7
Pants,jessijphoto_6.jpg,49,47,50
Pants,jessijphoto_6.jpg,11,10,18
Pants,jessijphoto_6.jpg,52,91,138
Dress,jessijphoto_6.jpg,207,207,202
Shorts,vanessaaveree_12.jpg,44,41,50
Pants,andrezabdelaziz_5.jpg,38,51,84
Shirt,andrezabdelaziz_5.jpg,110,120,126
Pants,godfatherstripes_10.jpg,54,52,60
Shorts,gaston43083_2.jpg,23,21,27
Hat,april__alex223_12.jpg,27,27,24
Pants,annatran2801_6.jpg,19,21,30
Pants,jackdgidley_5.jpg,29,27,27
Pants,jackdgidley_5.jpg,20,20,22
Pants,jackdgidley_5.jpg,26,31,35
Pants,jackdgidley_5.jpg,21,22,24
Jeans,jackdgidley_5.jpg,148,163,169
Jeans,jackdgidley_5.jpg,26,31,35
Hat,amagrapher01_5.jpg,141,109,99
Hat,13sangeet__0307_6.jpg,103,14,28
Shorts,viviane_cochinski_15.jpg,159,158,151
Dress,viviane_cochinski_14.jpg,17,104,74
Hat,13sangeet__0307_7.jpg,46,49,53
Shirt,13sangeet__0307_7.jpg,243,228,208
Hat,amagrapher01_4.jpg,78,45,31
Hat,jackdgidley_4.jpg,246,226,223
Pants,paola.creator_3.jpg,30,57,82
Jeans,paola.creator_3.jpg,30,55,80
Dress,dariodz82_1.jpg,229,227,224
Hat,yulisaalmonte__7.jpg,168,200,215
Hat,yulisaalmonte__7.jpg,168,199,214
Dress,annatran2801_7.jpg,245,232,192
Pants,annatran2801_7.jpg,214,193,140
Miniskirt,annatran2801_7.jpg,241,228,185
Hat,karlinxo_4.jpg,49,52,55
Jacket,karlinxo_4.jpg,24,22,21
Shorts,andrezabdelaziz_4.jpg,232,238,240
Swimwear,vanessaaveree_13.jpg,43,11,15
Dress,pa.i.am.a.portrait.artist_10.jpg,219,222,247
Jeans,jessijphoto_7.jpg,189,194,216
Shorts,jaky_mix_haiti_9.jpg,177,91,28
Pants,agniva2001_2.jpg,33,52,84
Hat,attilarimoczi81_14.jpg,243,236,178
Hat,kr.binhnguyen_11.jpg,4,3,4
Dress,jessijphoto_15.jpg,183,148,155
Hat,makshayjariwala_3.jpg,132,123,114
Hat,makshayjariwala_3.jpg,131,123,113
Pants,sheikh_smile_5.jpg,19,20,17
Dress,annatran2801_15.jpg,204,192,189
Shorts,tony_golden95_10.jpg,187,231,226
Shorts,tony_golden95_10.jpg,206,182,147
Swimwear,andrzjen2_11.jpg,227,180,186
Pants,viviane_cochinski_8.jpg,249,240,200
Coat,leondaprofessional_6.jpg,15,15,15
Hat,pa.i.am.a.portrait.artist_9.jpg,250,248,249
Dress,pa.i.am.a.portrait.artist_9.jpg,248,248,252
Pants,okunlola322_5.jpg,14,14,17
Hat,kavicka_u_janicka_6.jpg,114,76,61
Pants,tony_golden95_12.jpg,68,59,62
Pants,tony_golden95_12.jpg,60,47,45
Pants,tony_golden95_12.jpg,91,128,96
Shorts,nelsonsbarbershop508_3.jpg,58,49,48
Swimwear,tatiiapareciida_9.jpg,10,18,22
Hat,kr.binhnguyen_13.jpg,233,247,252
Skirt,romibaanco_10.jpg,22,91,134
Hat,chaconhuari_1.jpg,36,15,10
Pants,jessijphoto_5.jpg,200,193,189
Dress,pa.i.am.a.portrait.artist_12.jpg,225,224,238
Hat,pa.i.am.a.portrait.artist_12.jpg,103,121,150
Pants,rozayimperium_6.jpg,12,13,15
Hat,policarpo955_7.jpg,52,45,47
Pants,preciouszainmirza_1.jpg,5,81,169
Swimwear,vanessaaveree_11.jpg,78,40,29
Hat,gabymonasteriosm_8.jpg,25,13,11
Hat,karlinxo_6.jpg,95,85,65
Hat,april__alex223_11.jpg,61,55,48
Pants,annatran2801_5.jpg,26,25,34
Pants,yulisaalmonte__5.jpg,6,7,16
Pants,akash_rajput.302_14.jpg,46,47,56
Pants,paola.creator_1.jpg,16,12,16
Pants,jackdgidley_6.jpg,127,126,134
Pants,jackdgidley_6.jpg,133,168,220
Hat,dariodz82_3.jpg,43,49,50
Hat,dariodz82_3.jpg,24,32,57
Pants,akash_rajput.302_9.jpg,45,213,221
Hat,kamalov2005__9.jpg,45,29,22
Shorts,rozayimperium_14.jpg,20,19,22
Shirt,rozayimperium_14.jpg,54,52,57
Hat,rozayimperium_14.jpg,78,40,27
Hat,amagrapher01_6.jpg,79,46,35
Shorts,tiagodyonesdyones_14.jpg,221,193,213
Hat,tiagodyonesdyones_14.jpg,240,184,203
Shorts,tiagodyonesdyones_9.jpg,4,3,11
Shorts,tiagodyonesdyones_9.jpg,112,79,63
Hat,13sangeet__0307_5.jpg,177,154,89
Hat,13sangeet__0307_5.jpg,250,218,36
Hat,13sangeet__0307_5.jpg,250,218,36
Shirt,13sangeet__0307_4.jpg,194,194,194
Shorts,tiagodyonesdyones_8.jpg,2,1,7
Pants,akash_rajput.302_8.jpg,33,85,142
Hat,rozayimperium_15.jpg,53,44,39
Shorts,rozayimperium_15.jpg,21,21,25
Jeans,lostfrequencies.__9.jpg,85,86,79
Pants,yulisaalmonte__4.jpg,63,89,114
Hat,hidjrii_1.jpg,91,69,113
Shorts,godfatherstripes_12.jpg,149,147,155
Shorts,andrezabdelaziz_7.jpg,198,229,249
Swimwear,vanessaaveree_10.jpg,56,116,204
Pants,rozayimperium_7.jpg,9,9,11
Hat,policarpo955_6.jpg,76,78,89
Hat,policarpo955_6.jpg,101,91,94
Pants,agniva2001_1.jpg,15,19,25
Dress,pa.i.am.a.portrait.artist_13.jpg,103,76,76
Jeans,jessijphoto_4.jpg,222,227,231
Pants,rayyhim_6.jpg,136,123,105
Shorts,tatiiapareciida_8.jpg,14,24,19
Hat,tatiiapareciida_8.jpg,196,196,186
Pants,zeesh__an_khan_2.jpg,71,80,82
Pants,zeesh__an_khan_2.jpg,14,16,17
Pants,kavicka_u_janicka_7.jpg,22,58,82
Dress,kavicka_u_janicka_7.jpg,12,9,8
Dress,tony_golden95_13.jpg,209,142,56
Pants,the_not_your_foe_5.jpg,22,24,31
Hat,kavicka_u_janicka_3.jpg,196,181,159
Jeans,kavicka_u_janicka_3.jpg,66,80,105
Hat,leondaprofessional_3.jpg,234,222,187
Hat,leondaprofessional_3.jpg,21,19,8
Jacket,leondaprofessional_3.jpg,10,21,12
Dress,jessijphoto_12.jpg,153,153,153
Shorts,romibaanco_15.jpg,37,3,1
Shorts,nelsonsbarbershop508_6.jpg,4,1,3
Pants,rayyhim_2.jpg,47,47,47
Shorts,honzik_potesil_1.jpg,76,79,88
Hat,honzik_potesil_1.jpg,39,56,76
Swimwear,encarni_nutricion_7.jpg,151,116,101
Swimwear,encarni_nutricion_7.jpg,204,204,204
Shorts,andrezabdelaziz_3.jpg,202,197,206
Shorts,jackdgidley_3.jpg,108,86,97
Hat,dariodz82_6.jpg,39,43,51
Hat,gaston43083_4.jpg,199,188,192
Pants,april__alex223_14.jpg,69,57,54
Pants,april__alex223_14.jpg,28,24,27
Pants,tiagodyonesdyones_11.jpg,236,240,245
Coat,tiagodyonesdyones_11.jpg,45,52,69
Pants,favoritecleverthings_9.jpg,74,56,3
Shorts,favoritecleverthings_9.jpg,79,55,3
